{
  "creationTimeStamp" : "2018-11-20T19:44:08.521Z",
  "modifiedTimeStamp" : "2019-03-28T19:02:11.373Z",
  "createdBy" : "sas.dataMiningModels",
  "modifiedBy" : "sas.dataMiningModels",
  "id" : "dm.compare.template",
  "links" : [ {
    "method" : "GET",
    "rel" : "up",
    "href" : "/analyticsGateway/componentTemplates",
    "uri" : "/analyticsGateway/componentTemplates",
    "type" : "application/vnd.sas.collection"
  }, {
    "method" : "GET",
    "rel" : "exportComponentTemplate",
    "href" : "/analyticsGateway/componentTemplates/dm.compare.template",
    "uri" : "/analyticsGateway/componentTemplates/dm.compare.template",
    "type" : "application/octet-stream"
  }, {
    "method" : "GET",
    "rel" : "self",
    "href" : "/analyticsGateway/componentTemplates/dm.compare.template",
    "uri" : "/analyticsGateway/componentTemplates/dm.compare.template",
    "type" : "application/vnd.sas.analytics.component.template"
  }, {
    "method" : "PUT",
    "rel" : "update",
    "href" : "/analyticsGateway/componentTemplates/dm.compare.template",
    "uri" : "/analyticsGateway/componentTemplates/dm.compare.template",
    "type" : "application/vnd.sas.analytics.component.template",
    "responseType" : "application/vnd.sas.analytics.component.template"
  }, {
    "method" : "DELETE",
    "rel" : "delete",
    "href" : "/analyticsGateway/componentTemplates/dm.compare.template",
    "uri" : "/analyticsGateway/componentTemplates/dm.compare.template"
  }, {
    "method" : "GET",
    "rel" : "transferExport",
    "href" : "/analyticsGateway/componentTemplates/dm.compare.template",
    "uri" : "/analyticsGateway/componentTemplates/dm.compare.template",
    "type" : "application/vnd.sas.transfer.object"
  }, {
    "method" : "PUT",
    "rel" : "transferImportUpdate",
    "href" : "/analyticsGateway/componentTemplates/dm.compare.template",
    "uri" : "/analyticsGateway/componentTemplates/dm.compare.template",
    "type" : "application/vnd.sas.transfer.object",
    "responseType" : "application/vnd.sas.summary"
  }, {
    "method" : "GET",
    "rel" : "extendedDescription",
    "href" : "/dataMining/componentTemplates/dm.compare.template/extendedDescription",
    "uri" : "/dataMining/componentTemplates/dm.compare.template/extendedDescription",
    "type" : "text/markdown"
  }, {
    "method" : "GET",
    "rel" : "localizationContext",
    "href" : "/analyticsLocalization/contexts/data.mining.models",
    "uri" : "/analyticsLocalization/contexts/data.mining.models",
    "type" : "application/vnd.sas.analytics.localization.context"
  } ],
  "name" : "Model Comparison",
  "description" : "Compares the performance of competing models using various benchmarking criteria.",
  "revision" : 19,
  "version" : 1,
  "prototype" : {
    "creationTimeStamp" : "2018-11-20T19:44:08.497Z",
    "modifiedTimeStamp" : "2019-03-28T19:02:11.401Z",
    "createdBy" : "sas.dataMiningModels",
    "modifiedBy" : "sas.dataMiningModels",
    "id" : "8e3da449-b9ce-47c0-ac1a-f1ca4d63b2d8",
    "name" : "Model Comparison",
    "description" : "Compares the performance of competing models using various benchmarking criteria.",
    "revision" : 37,
    "iconCode" : "",
    "executionProviderId" : "Model",
    "classification" : "compare",
    "group" : "assess",
    "status" : "undefined",
    "componentProperties" : {
      "selectionCriteriaInterval" : "DEFAULT",
      "selectionCriteriaClass" : "DEFAULT",
      "selectionTable" : "DEFAULT",
      "selectionDepth" : "DEFAULT",
      "cutoff" : "DEFAULT",
      "inputs" : "immediatePredecessors(@currentNode)"
    },
    "systemAttributes" : {
      "dataMiningVersion" : "8.3"
    }
  },
  "applicationId" : "datamining",
  "classification" : "compare",
  "providerId" : "SAS",
  "group" : "assess",
  "hidden" : true
}