{
  "creationTimeStamp" : "2018-11-20T19:59:44.498Z",
  "modifiedTimeStamp" : "2019-03-28T19:12:26.805Z",
  "createdBy" : "sas.dataMining",
  "modifiedBy" : "sas.dataMining",
  "id" : "dm.varclus.template",
  "links" : [ {
    "method" : "GET",
    "rel" : "up",
    "href" : "/analyticsGateway/componentTemplates",
    "uri" : "/analyticsGateway/componentTemplates",
    "type" : "application/vnd.sas.collection"
  }, {
    "method" : "GET",
    "rel" : "exportComponentTemplate",
    "href" : "/analyticsGateway/componentTemplates/dm.varclus.template",
    "uri" : "/analyticsGateway/componentTemplates/dm.varclus.template",
    "type" : "application/octet-stream"
  }, {
    "method" : "GET",
    "rel" : "self",
    "href" : "/analyticsGateway/componentTemplates/dm.varclus.template",
    "uri" : "/analyticsGateway/componentTemplates/dm.varclus.template",
    "type" : "application/vnd.sas.analytics.component.template"
  }, {
    "method" : "PUT",
    "rel" : "update",
    "href" : "/analyticsGateway/componentTemplates/dm.varclus.template",
    "uri" : "/analyticsGateway/componentTemplates/dm.varclus.template",
    "type" : "application/vnd.sas.analytics.component.template",
    "responseType" : "application/vnd.sas.analytics.component.template"
  }, {
    "method" : "DELETE",
    "rel" : "delete",
    "href" : "/analyticsGateway/componentTemplates/dm.varclus.template",
    "uri" : "/analyticsGateway/componentTemplates/dm.varclus.template"
  }, {
    "method" : "GET",
    "rel" : "transferExport",
    "href" : "/analyticsGateway/componentTemplates/dm.varclus.template",
    "uri" : "/analyticsGateway/componentTemplates/dm.varclus.template",
    "type" : "application/vnd.sas.transfer.object"
  }, {
    "method" : "PUT",
    "rel" : "transferImportUpdate",
    "href" : "/analyticsGateway/componentTemplates/dm.varclus.template",
    "uri" : "/analyticsGateway/componentTemplates/dm.varclus.template",
    "type" : "application/vnd.sas.transfer.object",
    "responseType" : "application/vnd.sas.summary"
  }, {
    "method" : "GET",
    "rel" : "localizationContext",
    "href" : "/analyticsLocalization/contexts/dm.service.nls",
    "uri" : "/analyticsLocalization/contexts/dm.service.nls",
    "type" : "application/vnd.sas.analytics.localization.context"
  }, {
    "method" : "GET",
    "rel" : "extendedDescription",
    "href" : "/dataMining/componentTemplates/dm.varclus.template/extendedDescription",
    "uri" : "/dataMining/componentTemplates/dm.varclus.template/extendedDescription",
    "type" : "text/markdown"
  } ],
  "name" : "Variable Clustering",
  "description" : "Performs variable clustering to reduce the number of inputs.",
  "revision" : 19,
  "version" : 1,
  "prototype" : {
    "creationTimeStamp" : "2018-11-20T19:59:44.493Z",
    "modifiedTimeStamp" : "2019-03-28T19:12:26.810Z",
    "createdBy" : "sas.dataMining",
    "modifiedBy" : "sas.dataMining",
    "id" : "2376d173-6c96-45a6-9da5-74a145c8a103",
    "name" : "Variable Clustering",
    "description" : "Performs variable clustering to reduce the number of inputs.",
    "revision" : 37,
    "iconCode" : "",
    "executionProviderId" : "Compute",
    "classification" : "varclus",
    "group" : "pre_process",
    "status" : "undefined",
    "componentProperties" : {
      "clusterRep" : "BESTVAR",
      "classVars" : false,
      "classlevVars" : true,
      "optimalCrit" : "NONE",
      "maxSteps" : 6,
      "minClusters" : 1,
      "defaultMaxMembers" : true,
      "maxMembers" : 20,
      "rho" : 0.8,
      "maxIters" : 1000,
      "tol" : 1.0E-4
    },
    "systemAttributes" : {
      "casSessionId" : "",
      "userDefined" : false,
      "modeling" : false,
      "trainOnly" : true,
      "prefix" : "vclus",
      "version" : "1",
      "component" : "varclus",
      "codeFile" : "varclus.sas",
      "codeFormat" : "FILE",
      "codeLanguage" : "SAS",
      "_omitJsonListing" : true,
      "_omitTextListing" : true,
      "_omitSessionResults" : true,
      "dataMiningVersion" : "8.3"
    }
  },
  "applicationId" : "datamining",
  "classification" : "varclus",
  "providerId" : "SAS",
  "group" : "pre_process",
  "hidden" : false
}