{
  "creationTimeStamp" : "2019-05-20T20:24:31.059Z",
  "modifiedTimeStamp" : "2019-10-30T05:12:58.980Z",
  "createdBy" : "sas.dataMiningModels",
  "modifiedBy" : "sas.dataMiningModels",
  "id" : "dm.compare.template",
  "links" : [ {
    "method" : "GET",
    "rel" : "up",
    "href" : "/analyticsGateway/componentTemplates",
    "uri" : "/analyticsGateway/componentTemplates",
    "type" : "application/vnd.sas.collection"
  }, {
    "method" : "GET",
    "rel" : "exportComponentTemplate",
    "href" : "/analyticsGateway/componentTemplates/dm.compare.template",
    "uri" : "/analyticsGateway/componentTemplates/dm.compare.template",
    "type" : "application/octet-stream"
  }, {
    "method" : "GET",
    "rel" : "self",
    "href" : "/analyticsGateway/componentTemplates/dm.compare.template",
    "uri" : "/analyticsGateway/componentTemplates/dm.compare.template",
    "type" : "application/vnd.sas.analytics.component.template"
  }, {
    "method" : "GET",
    "rel" : "transferExport",
    "href" : "/analyticsGateway/componentTemplates/dm.compare.template",
    "uri" : "/analyticsGateway/componentTemplates/dm.compare.template",
    "type" : "application/vnd.sas.transfer.object"
  }, {
    "method" : "GET",
    "rel" : "localizationContext",
    "href" : "/analyticsLocalization/contexts/data.mining.models",
    "uri" : "/analyticsLocalization/contexts/data.mining.models",
    "type" : "application/vnd.sas.analytics.localization.context"
  } ],
  "name" : "Model Comparison",
  "description" : "Compares the performance of competing models by using various benchmarking criteria.",
  "revision" : 22,
  "version" : 1,
  "prototype" : {
    "creationTimeStamp" : "2019-05-20T20:24:31.034Z",
    "modifiedTimeStamp" : "2019-10-30T05:12:59.088Z",
    "createdBy" : "sas.dataMiningModels",
    "modifiedBy" : "sas.dataMiningModels",
    "id" : "052d3eea-3d6d-4a60-b5fd-6578a08d3339",
    "name" : "Model Comparison",
    "description" : "Compares the performance of competing models by using various benchmarking criteria.",
    "revision" : 43,
    "iconCode" : "",
    "executionProviderId" : "Model",
    "classification" : "compare",
    "group" : "assess",
    "status" : "undefined",
    "componentProperties" : {
      "selectionCriteriaInterval" : "DEFAULT",
      "selectionCriteriaClass" : "DEFAULT",
      "selectionTable" : "DEFAULT",
      "selectionDepth" : "DEFAULT",
      "cutoff" : "DEFAULT",
      "inputs" : "immediatePredecessors(@currentNode)"
    },
    "systemAttributes" : {
      "dataMiningVersion" : "8.4"
    }
  },
  "applicationId" : "datamining",
  "classification" : "compare",
  "providerId" : "SAS",
  "group" : "assess",
  "hidden" : true
}