{
  "creationTimeStamp" : "2018-11-20T19:59:46.294Z",
  "modifiedTimeStamp" : "2019-03-28T19:12:28.817Z",
  "createdBy" : "sas.dataMining",
  "modifiedBy" : "sas.dataMining",
  "id" : "dm.policy",
  "links" : [ {
    "method" : "GET",
    "rel" : "self",
    "href" : "/analyticsPipelines/policies/dm.policy",
    "uri" : "/analyticsPipelines/policies/dm.policy",
    "type" : "application/vnd.sas.analytics.pipeline.policy"
  }, {
    "method" : "PUT",
    "rel" : "update",
    "href" : "/analyticsPipelines/policies/dm.policy",
    "uri" : "/analyticsPipelines/policies/dm.policy",
    "type" : "application/vnd.sas.analytics.pipeline.policy",
    "responseType" : "application/vnd.sas.analytics.pipeline.policy"
  }, {
    "method" : "DELETE",
    "rel" : "delete",
    "href" : "/analyticsPipelines/policies/dm.policy",
    "uri" : "/analyticsPipelines/policies/dm.policy"
  }, {
    "method" : "GET",
    "rel" : "transferExport",
    "href" : "/analyticsPipelines/policies/dm.policy",
    "uri" : "/analyticsPipelines/policies/dm.policy",
    "type" : "application/vnd.sas.transfer.object"
  }, {
    "method" : "PUT",
    "rel" : "transferImportUpdate",
    "href" : "/analyticsPipelines/policies/dm.policy",
    "uri" : "/analyticsPipelines/policies/dm.policy",
    "type" : "application/vnd.sas.transfer.object",
    "responseType" : "application/vnd.sas.summary"
  }, {
    "method" : "GET",
    "rel" : "localizationContext",
    "href" : "/analyticsLocalization/contexts/dm.service.nls",
    "uri" : "/analyticsLocalization/contexts/dm.service.nls",
    "type" : "application/vnd.sas.analytics.localization.context"
  } ],
  "name" : "Data Mining Pipeline Policy",
  "description" : "A definition of a data mining pipeline.",
  "revision" : 19,
  "version" : 1,
  "swimLanes" : [ {
    "name" : "Data",
    "acceptRule" : "eq(group, 'data')",
    "minComponentCount" : 1,
    "maxComponentCount" : 1,
    "targetLaneIndices" : [ 1, 2 ]
  }, {
    "name" : "Preprocessing",
    "acceptRule" : "in(group, 'pre_process', 'miscellaneous', 'va_pre_process')",
    "minComponentCount" : 0,
    "maxComponentCount" : 0,
    "sourceLaneIndices" : [ 0, 1 ],
    "targetLaneIndices" : [ 1, 2 ]
  }, {
    "name" : "Supervised Learning",
    "acceptRule" : "or(in(group, 'supervised', 'va_supervised'), and(in(group, 'miscellaneous'), in(classification, 'sascode', 'opensrc')))",
    "minComponentCount" : 0,
    "maxComponentCount" : 0,
    "sourceLaneIndices" : [ 0, 1 ],
    "targetLaneIndices" : [ 3, 4 ]
  }, {
    "name" : "Postprocessing",
    "acceptRule" : "in(group, 'post_model', 'miscellaneous')",
    "minComponentCount" : 0,
    "maxComponentCount" : 0,
    "sourceLaneIndices" : [ 2, 3 ],
    "targetLaneIndices" : [ 3, 4 ]
  }, {
    "name" : "Assessment",
    "acceptRule" : "eq(group, 'assess')",
    "minComponentCount" : 0,
    "maxComponentCount" : 1,
    "sourceLaneIndices" : [ 2, 3 ]
  } ],
  "acceptRule" : "eq(applicationId, 'datamining')"
}