{
  "creationTimeStamp" : "2019-05-20T20:29:07.403Z",
  "modifiedTimeStamp" : "2019-10-30T05:20:06.784Z",
  "createdBy" : "sas.dataMining",
  "modifiedBy" : "sas.dataMining",
  "id" : "dm.gradboost.template",
  "links" : [ {
    "method" : "GET",
    "rel" : "up",
    "href" : "/analyticsGateway/componentTemplates",
    "uri" : "/analyticsGateway/componentTemplates",
    "type" : "application/vnd.sas.collection"
  }, {
    "method" : "GET",
    "rel" : "exportComponentTemplate",
    "href" : "/analyticsGateway/componentTemplates/dm.gradboost.template",
    "uri" : "/analyticsGateway/componentTemplates/dm.gradboost.template",
    "type" : "application/octet-stream"
  }, {
    "method" : "GET",
    "rel" : "self",
    "href" : "/analyticsGateway/componentTemplates/dm.gradboost.template",
    "uri" : "/analyticsGateway/componentTemplates/dm.gradboost.template",
    "type" : "application/vnd.sas.analytics.component.template"
  }, {
    "method" : "GET",
    "rel" : "transferExport",
    "href" : "/analyticsGateway/componentTemplates/dm.gradboost.template",
    "uri" : "/analyticsGateway/componentTemplates/dm.gradboost.template",
    "type" : "application/vnd.sas.transfer.object"
  }, {
    "method" : "GET",
    "rel" : "localizationContext",
    "href" : "/analyticsLocalization/contexts/dm.service.nls",
    "uri" : "/analyticsLocalization/contexts/dm.service.nls",
    "type" : "application/vnd.sas.analytics.localization.context"
  } ],
  "name" : "Gradient Boosting",
  "description" : "Fits a gradient boosting model, which builds a sequential series of decision trees.",
  "revision" : 22,
  "version" : 1,
  "prototype" : {
    "creationTimeStamp" : "2019-05-20T20:29:07.400Z",
    "modifiedTimeStamp" : "2019-10-30T05:20:06.871Z",
    "createdBy" : "sas.dataMining",
    "modifiedBy" : "sas.dataMining",
    "id" : "cacb4b52-2bea-48c9-9191-e18bedb9f211",
    "name" : "Gradient Boosting",
    "description" : "Fits a gradient boosting model, which builds a sequential series of decision trees.",
    "revision" : 43,
    "iconCode" : "",
    "imageUri" : "/dataMining/images/gradboost.svg",
    "executionProviderId" : "Compute",
    "classification" : "gradboost",
    "group" : "supervised",
    "status" : "undefined",
    "componentProperties" : {
      "train" : true,
      "ntrees" : 100,
      "learningRate" : 0.1,
      "subsampleRate" : 0.5,
      "lasso" : 0,
      "ridge" : 1,
      "seed" : 12345,
      "maxBranch" : 2,
      "maxDepth" : 4,
      "minLeafSize" : 5,
      "missingValue" : "USEINSEARCH",
      "minUseInSearch" : 1,
      "intervalBins" : 50,
      "intBinMethod" : "QUANTILE",
      "defaultVarsPerTree" : true,
      "varsToTry" : 100,
      "earlyStop" : true,
      "stagnation" : 5,
      "tolerance" : 0,
      "autotune_enabled" : false,
      "atlasso" : true,
      "atlassoInit" : 0,
      "atlassoLB" : 0,
      "atlassoUB" : 10,
      "atridge" : true,
      "atridgeInit" : 1,
      "atridgeLB" : 0,
      "atridgeUB" : 10,
      "atlearnrt" : true,
      "atlearnrtInit" : 0.1,
      "atlearnrtLB" : 0.01,
      "atlearnrtUB" : 1,
      "atvarsToTry" : true,
      "atvarsToTryInit" : 100,
      "atvarsToTryLB" : 1,
      "atvarsToTryUB" : 100,
      "atntrees" : true,
      "atntreesInit" : 100,
      "atntreesLB" : 20,
      "atntreesUB" : 150,
      "atsamprt" : true,
      "atsamprtInit" : 0.5,
      "atsamprtLB" : 0.1,
      "atsamprtUB" : 1,
      "atSearchMethod" : "GA",
      "atPopSize" : 10,
      "atMaxEval" : 50,
      "atMaxIter" : 5,
      "atMaxBayes" : 100,
      "atSampleSize" : 50,
      "atValidMethod" : "PARTITION",
      "atTrainProp" : 0.7,
      "atValidProp" : 0.3,
      "atValidFold" : 5,
      "atObjectiveNom" : "KS",
      "atObjectiveInt" : "ASE",
      "atMaxTime" : 60,
      "userProbCutoff" : false,
      "binaryProbCutoff" : 0.5,
      "performVI" : false,
      "pdPlots" : false,
      "pdNumImportantInputs" : 5,
      "pdObsSamples" : 500,
      "icePlots" : false,
      "performLime" : false,
      "limeNSamples" : 10000,
      "limeNIterations" : 1,
      "limeDistanceMetric" : "cosine",
      "limeKernelWidth" : 0,
      "typeExplain" : "CLUSTER",
      "limeNCentroids" : 2,
      "limeClusterScoreCode" : false,
      "limeKTopFeatures" : 5
    },
    "systemAttributes" : {
      "casSessionId" : "",
      "userDefined" : false,
      "modeling" : true,
      "trainOnly" : false,
      "prefix" : "gradboost",
      "version" : "1",
      "component" : "gradboost",
      "scoreCodeFormat" : "ASTORE",
      "codeFile" : "gradboost.sas",
      "codeFormat" : "FILE",
      "codeLanguage" : "SAS",
      "_omitJsonListing" : true,
      "_omitTextListing" : true,
      "_omitSessionResults" : true,
      "dataMiningVersion" : "8.4"
    },
    "componentPropertyMetadata" : {
      "performVI" : {
        "omitFromModified" : true
      },
      "pdPlots" : {
        "omitFromModified" : true
      },
      "pdNumImportantInputs" : {
        "omitFromModified" : true
      },
      "pdObsSamples" : {
        "omitFromModified" : true
      },
      "icePlots" : {
        "omitFromModified" : true
      },
      "performLime" : {
        "omitFromModified" : true
      },
      "limeNSamples" : {
        "omitFromModified" : true
      },
      "limeNIterations" : {
        "omitFromModified" : true
      },
      "limeDistanceMetric" : {
        "omitFromModified" : true
      },
      "limeKernelWidth" : {
        "omitFromModified" : true
      },
      "typeExplain" : {
        "omitFromModified" : true
      },
      "indvRow" : {
        "omitFromModified" : true
      },
      "limeNCentroids" : {
        "omitFromModified" : true
      },
      "limeClusterScoreCode" : {
        "omitFromModified" : true
      },
      "limeKTopFeatures" : {
        "omitFromModified" : true
      }
    }
  },
  "applicationId" : "datamining",
  "classification" : "gradboost",
  "providerId" : "SAS",
  "group" : "supervised",
  "hidden" : false
}