{
  "creationTimeStamp" : "2018-11-20T19:59:36.277Z",
  "modifiedTimeStamp" : "2019-03-28T19:12:22.880Z",
  "createdBy" : "sas.dataMining",
  "modifiedBy" : "sas.dataMining",
  "id" : "dm.logisticreg.template",
  "links" : [ {
    "method" : "GET",
    "rel" : "up",
    "href" : "/analyticsGateway/componentTemplates",
    "uri" : "/analyticsGateway/componentTemplates",
    "type" : "application/vnd.sas.collection"
  }, {
    "method" : "GET",
    "rel" : "exportComponentTemplate",
    "href" : "/analyticsGateway/componentTemplates/dm.logisticreg.template",
    "uri" : "/analyticsGateway/componentTemplates/dm.logisticreg.template",
    "type" : "application/octet-stream"
  }, {
    "method" : "GET",
    "rel" : "self",
    "href" : "/analyticsGateway/componentTemplates/dm.logisticreg.template",
    "uri" : "/analyticsGateway/componentTemplates/dm.logisticreg.template",
    "type" : "application/vnd.sas.analytics.component.template"
  }, {
    "method" : "PUT",
    "rel" : "update",
    "href" : "/analyticsGateway/componentTemplates/dm.logisticreg.template",
    "uri" : "/analyticsGateway/componentTemplates/dm.logisticreg.template",
    "type" : "application/vnd.sas.analytics.component.template",
    "responseType" : "application/vnd.sas.analytics.component.template"
  }, {
    "method" : "DELETE",
    "rel" : "delete",
    "href" : "/analyticsGateway/componentTemplates/dm.logisticreg.template",
    "uri" : "/analyticsGateway/componentTemplates/dm.logisticreg.template"
  }, {
    "method" : "GET",
    "rel" : "transferExport",
    "href" : "/analyticsGateway/componentTemplates/dm.logisticreg.template",
    "uri" : "/analyticsGateway/componentTemplates/dm.logisticreg.template",
    "type" : "application/vnd.sas.transfer.object"
  }, {
    "method" : "PUT",
    "rel" : "transferImportUpdate",
    "href" : "/analyticsGateway/componentTemplates/dm.logisticreg.template",
    "uri" : "/analyticsGateway/componentTemplates/dm.logisticreg.template",
    "type" : "application/vnd.sas.transfer.object",
    "responseType" : "application/vnd.sas.summary"
  }, {
    "method" : "GET",
    "rel" : "localizationContext",
    "href" : "/analyticsLocalization/contexts/dm.service.nls",
    "uri" : "/analyticsLocalization/contexts/dm.service.nls",
    "type" : "application/vnd.sas.analytics.localization.context"
  }, {
    "method" : "GET",
    "rel" : "extendedDescription",
    "href" : "/dataMining/componentTemplates/dm.logisticreg.template/extendedDescription",
    "uri" : "/dataMining/componentTemplates/dm.logisticreg.template/extendedDescription",
    "type" : "text/markdown"
  } ],
  "name" : "Logistic Regression",
  "description" : "Fits a logistic regression model for a binary or nominal target.",
  "revision" : 19,
  "version" : 1,
  "prototype" : {
    "creationTimeStamp" : "2018-11-20T19:59:36.270Z",
    "modifiedTimeStamp" : "2019-03-28T19:12:22.886Z",
    "createdBy" : "sas.dataMining",
    "modifiedBy" : "sas.dataMining",
    "id" : "c4474751-5d39-4519-b59e-0e557a0a2e59",
    "name" : "Logistic Regression",
    "description" : "Fits a logistic regression model for a binary or nominal target.",
    "revision" : 37,
    "iconCode" : "",
    "imageUri" : "/dataMining/images/logisticreg.svg",
    "executionProviderId" : "Compute",
    "classification" : "logisticreg",
    "group" : "supervised",
    "status" : "undefined",
    "componentProperties" : {
      "linkFunction" : "LOGIT",
      "nomlinkFunction" : "GLOGIT",
      "classOrder" : "FMTASC",
      "factorInteractions" : false,
      "factorSplit" : false,
      "useSpline" : false,
      "useSplineSplit" : false,
      "usePolynomial" : false,
      "polynomialDegree" : "2",
      "suppressIntercept" : false,
      "informativeMiss" : false,
      "missAsLvl" : false,
      "selectMethod" : "STEPWISE",
      "selectCriterion" : "SBC",
      "stopCriterion" : "SBC",
      "chooseCriterion" : "SBC",
      "slEntry" : 0.05,
      "slStay" : 0.05,
      "maxEffects" : 0,
      "minEffects" : 0,
      "maxSteps" : 0,
      "hierarchy" : "NONE",
      "tech" : "NRRIDG",
      "normalize" : true,
      "userProbCutoff" : false,
      "binaryProbCutoff" : 0.5,
      "performVI" : false,
      "pdPlots" : false,
      "pdNumImportantInputs" : 5,
      "pdObsHandling" : "SAMPLE",
      "pdObsSamples" : 500,
      "pdObsClusters" : 100,
      "icePlots" : false,
      "iceImportantInputs" : 3,
      "performLime" : false,
      "limeNCentroids" : 2,
      "limeNSamples" : 10000,
      "limeNIterations" : 1,
      "limeDistanceMetric" : "cosine",
      "limeKernelWidth" : 0,
      "limeKTopFeatures" : 5,
      "limeClusterScoreCode" : false
    },
    "systemAttributes" : {
      "casSessionId" : "",
      "userDefined" : false,
      "modeling" : true,
      "trainOnly" : false,
      "prefix" : "logisticreg",
      "version" : "1",
      "component" : "logisticreg",
      "scoreCodeFormat" : "DS1",
      "codeFile" : "logisticreg.sas",
      "codeFormat" : "FILE",
      "codeLanguage" : "SAS",
      "_omitJsonListing" : true,
      "_omitTextListing" : true,
      "_omitSessionResults" : true,
      "dataMiningVersion" : "8.3"
    }
  },
  "applicationId" : "datamining",
  "classification" : "logisticreg",
  "providerId" : "SAS",
  "group" : "supervised",
  "hidden" : false
}