{
  "creationTimeStamp" : "2018-11-20T19:59:36.666Z",
  "modifiedTimeStamp" : "2019-03-28T19:12:23.058Z",
  "createdBy" : "sas.dataMining",
  "modifiedBy" : "sas.dataMining",
  "id" : "dm.managevariables.template",
  "links" : [ {
    "method" : "GET",
    "rel" : "up",
    "href" : "/analyticsGateway/componentTemplates",
    "uri" : "/analyticsGateway/componentTemplates",
    "type" : "application/vnd.sas.collection"
  }, {
    "method" : "GET",
    "rel" : "exportComponentTemplate",
    "href" : "/analyticsGateway/componentTemplates/dm.managevariables.template",
    "uri" : "/analyticsGateway/componentTemplates/dm.managevariables.template",
    "type" : "application/octet-stream"
  }, {
    "method" : "GET",
    "rel" : "self",
    "href" : "/analyticsGateway/componentTemplates/dm.managevariables.template",
    "uri" : "/analyticsGateway/componentTemplates/dm.managevariables.template",
    "type" : "application/vnd.sas.analytics.component.template"
  }, {
    "method" : "PUT",
    "rel" : "update",
    "href" : "/analyticsGateway/componentTemplates/dm.managevariables.template",
    "uri" : "/analyticsGateway/componentTemplates/dm.managevariables.template",
    "type" : "application/vnd.sas.analytics.component.template",
    "responseType" : "application/vnd.sas.analytics.component.template"
  }, {
    "method" : "DELETE",
    "rel" : "delete",
    "href" : "/analyticsGateway/componentTemplates/dm.managevariables.template",
    "uri" : "/analyticsGateway/componentTemplates/dm.managevariables.template"
  }, {
    "method" : "GET",
    "rel" : "transferExport",
    "href" : "/analyticsGateway/componentTemplates/dm.managevariables.template",
    "uri" : "/analyticsGateway/componentTemplates/dm.managevariables.template",
    "type" : "application/vnd.sas.transfer.object"
  }, {
    "method" : "PUT",
    "rel" : "transferImportUpdate",
    "href" : "/analyticsGateway/componentTemplates/dm.managevariables.template",
    "uri" : "/analyticsGateway/componentTemplates/dm.managevariables.template",
    "type" : "application/vnd.sas.transfer.object",
    "responseType" : "application/vnd.sas.summary"
  }, {
    "method" : "GET",
    "rel" : "extendedDescription",
    "href" : "/dataMining/componentTemplates/dm.managevariables.template/extendedDescription",
    "uri" : "/dataMining/componentTemplates/dm.managevariables.template/extendedDescription",
    "type" : "text/markdown"
  }, {
    "method" : "GET",
    "rel" : "localizationContext",
    "href" : "/analyticsLocalization/contexts/dm.service.nls",
    "uri" : "/analyticsLocalization/contexts/dm.service.nls",
    "type" : "application/vnd.sas.analytics.localization.context"
  } ],
  "name" : "Manage Variables",
  "description" : "Modifies the metadata of variables.",
  "revision" : 19,
  "version" : 1,
  "prototype" : {
    "creationTimeStamp" : "2018-11-20T19:59:36.662Z",
    "modifiedTimeStamp" : "2019-03-28T19:12:23.062Z",
    "createdBy" : "sas.dataMining",
    "modifiedBy" : "sas.dataMining",
    "id" : "a16bc9a4-93e9-44bb-b92b-fb4aaf84ad94",
    "name" : "Manage Variables",
    "description" : "Modifies the metadata of variables.",
    "revision" : 37,
    "iconCode" : "",
    "imageUri" : "/dataMining/images/managevariables.svg",
    "executionProviderId" : "Compute",
    "classification" : "managevariables",
    "group" : "pre_process",
    "status" : "undefined",
    "systemAttributes" : {
      "casSessionId" : "",
      "userDefined" : false,
      "modeling" : false,
      "trainOnly" : false,
      "prefix" : "meta",
      "version" : "1",
      "component" : "managevariables",
      "scoreCodeFormat" : "DS1",
      "codeFile" : "managevariables.sas",
      "codeFormat" : "FILE",
      "codeLanguage" : "SAS",
      "_omitJsonListing" : true,
      "_omitTextListing" : true,
      "_omitSessionResults" : true,
      "dataMiningVersion" : "8.3"
    }
  },
  "applicationId" : "datamining",
  "classification" : "managevariables",
  "providerId" : "SAS",
  "group" : "pre_process",
  "hidden" : false
}