{
  "creationTimeStamp" : "2019-05-20T20:29:15.132Z",
  "modifiedTimeStamp" : "2019-10-30T05:20:17.765Z",
  "createdBy" : "sas.dataMining",
  "modifiedBy" : "sas.dataMining",
  "id" : "dm.tree.template",
  "links" : [ {
    "method" : "GET",
    "rel" : "up",
    "href" : "/analyticsGateway/componentTemplates",
    "uri" : "/analyticsGateway/componentTemplates",
    "type" : "application/vnd.sas.collection"
  }, {
    "method" : "GET",
    "rel" : "exportComponentTemplate",
    "href" : "/analyticsGateway/componentTemplates/dm.tree.template",
    "uri" : "/analyticsGateway/componentTemplates/dm.tree.template",
    "type" : "application/octet-stream"
  }, {
    "method" : "GET",
    "rel" : "self",
    "href" : "/analyticsGateway/componentTemplates/dm.tree.template",
    "uri" : "/analyticsGateway/componentTemplates/dm.tree.template",
    "type" : "application/vnd.sas.analytics.component.template"
  }, {
    "method" : "GET",
    "rel" : "transferExport",
    "href" : "/analyticsGateway/componentTemplates/dm.tree.template",
    "uri" : "/analyticsGateway/componentTemplates/dm.tree.template",
    "type" : "application/vnd.sas.transfer.object"
  }, {
    "method" : "GET",
    "rel" : "localizationContext",
    "href" : "/analyticsLocalization/contexts/dm.service.nls",
    "uri" : "/analyticsLocalization/contexts/dm.service.nls",
    "type" : "application/vnd.sas.analytics.localization.context"
  } ],
  "name" : "Decision Tree",
  "description" : "Fits a classification tree for a class target or a regression tree for an interval target.",
  "revision" : 22,
  "version" : 1,
  "prototype" : {
    "creationTimeStamp" : "2019-05-20T20:29:15.129Z",
    "modifiedTimeStamp" : "2019-10-30T05:20:17.782Z",
    "createdBy" : "sas.dataMining",
    "modifiedBy" : "sas.dataMining",
    "id" : "19213a88-a367-472c-aa5a-b8ca77ffcc10",
    "name" : "Decision Tree",
    "description" : "Fits a classification tree for a class target or a regression tree for an interval target.",
    "revision" : 43,
    "iconCode" : "",
    "imageUri" : "/dataMining/images/tree.svg",
    "executionProviderId" : "Compute",
    "classification" : "tree",
    "group" : "supervised",
    "status" : "undefined",
    "componentProperties" : {
      "train" : true,
      "criterionMethod" : "IGR",
      "iCriterionMethod" : "VARIANCE",
      "alpha" : 0.2,
      "bonferroni" : false,
      "maxBranch" : 2,
      "maxDepth" : 10,
      "hLeafSize" : 5,
      "missingValue" : "USEINSEARCH",
      "minUseinsearch" : 1,
      "intervalBins" : 20,
      "intBinMethod" : "QUANTILE",
      "nSurrs" : 0,
      "useVarOnce" : false,
      "rapidGrowth" : false,
      "pruningMethod" : "COSTCOMPLEXITY",
      "selMethod" : "AUTOMATIC",
      "nPLeaves" : 1,
      "ccAlpha" : 0,
      "confidence" : 0.25,
      "cvccFolds" : 10,
      "seRule" : false,
      "seed" : 12345,
      "embeddedBarChart" : true,
      "nodeColor" : "PROBEVENT",
      "inodeColor" : "AVERAGE",
      "autotune_enabled" : false,
      "atmaxdepth" : true,
      "atmaxdepthInit" : 10,
      "atmaxdepthLB" : 1,
      "atmaxdepthUB" : 19,
      "atnumbin" : true,
      "atnumbinInit" : 20,
      "atnumbinLB" : 20,
      "atnumbinUB" : 200,
      "atgrowcrit" : true,
      "atgrowcritValsn" : [ "ENTROPY", "CHAID", "IGR", "GINI", "CHISQUARE" ],
      "atgrowcritValsi" : [ "VARIANCE", "FTEST", "CHAID" ],
      "atSearchMethod" : "GA",
      "atPopSize" : 10,
      "atMaxEval" : 50,
      "atMaxIter" : 5,
      "atMaxBayes" : 100,
      "atSampleSize" : 50,
      "atValidMethod" : "PARTITION",
      "atTrainProp" : 0.7,
      "atValidProp" : 0.3,
      "atValidFold" : 5,
      "atObjectiveNom" : "KS",
      "atObjectiveInt" : "ASE",
      "atMaxTime" : 60,
      "userProbCutoff" : false,
      "binaryProbCutoff" : 0.5,
      "performVI" : false,
      "pdPlots" : false,
      "pdNumImportantInputs" : 5,
      "pdObsSamples" : 500,
      "icePlots" : false,
      "performLime" : false,
      "limeNSamples" : 10000,
      "limeNIterations" : 1,
      "limeDistanceMetric" : "cosine",
      "limeKernelWidth" : 0,
      "typeExplain" : "CLUSTER",
      "limeNCentroids" : 2,
      "limeClusterScoreCode" : false,
      "limeKTopFeatures" : 5
    },
    "systemAttributes" : {
      "casSessionId" : "",
      "userDefined" : false,
      "modeling" : true,
      "trainOnly" : false,
      "prefix" : "tree",
      "version" : "1",
      "component" : "tree",
      "scoreCodeFormat" : "DS1",
      "codeFile" : "tree.sas",
      "codeFormat" : "FILE",
      "codeLanguage" : "SAS",
      "_omitJsonListing" : true,
      "_omitTextListing" : true,
      "_omitSessionResults" : true,
      "dataMiningVersion" : "8.4"
    },
    "componentPropertyMetadata" : {
      "performVI" : {
        "omitFromModified" : true
      },
      "pdPlots" : {
        "omitFromModified" : true
      },
      "pdNumImportantInputs" : {
        "omitFromModified" : true
      },
      "pdObsSamples" : {
        "omitFromModified" : true
      },
      "icePlots" : {
        "omitFromModified" : true
      },
      "performLime" : {
        "omitFromModified" : true
      },
      "limeNSamples" : {
        "omitFromModified" : true
      },
      "limeNIterations" : {
        "omitFromModified" : true
      },
      "limeDistanceMetric" : {
        "omitFromModified" : true
      },
      "limeKernelWidth" : {
        "omitFromModified" : true
      },
      "typeExplain" : {
        "omitFromModified" : true
      },
      "indvRow" : {
        "omitFromModified" : true
      },
      "limeNCentroids" : {
        "omitFromModified" : true
      },
      "limeClusterScoreCode" : {
        "omitFromModified" : true
      },
      "limeKTopFeatures" : {
        "omitFromModified" : true
      }
    }
  },
  "applicationId" : "datamining",
  "classification" : "tree",
  "providerId" : "SAS",
  "group" : "supervised",
  "hidden" : false
}