{
  "creationTimeStamp" : "2018-11-20T19:59:29.875Z",
  "modifiedTimeStamp" : "2019-03-28T19:12:21.364Z",
  "createdBy" : "sas.dataMining",
  "modifiedBy" : "sas.dataMining",
  "id" : "dm.forest.template",
  "links" : [ {
    "method" : "GET",
    "rel" : "up",
    "href" : "/analyticsGateway/componentTemplates",
    "uri" : "/analyticsGateway/componentTemplates",
    "type" : "application/vnd.sas.collection"
  }, {
    "method" : "GET",
    "rel" : "exportComponentTemplate",
    "href" : "/analyticsGateway/componentTemplates/dm.forest.template",
    "uri" : "/analyticsGateway/componentTemplates/dm.forest.template",
    "type" : "application/octet-stream"
  }, {
    "method" : "GET",
    "rel" : "self",
    "href" : "/analyticsGateway/componentTemplates/dm.forest.template",
    "uri" : "/analyticsGateway/componentTemplates/dm.forest.template",
    "type" : "application/vnd.sas.analytics.component.template"
  }, {
    "method" : "PUT",
    "rel" : "update",
    "href" : "/analyticsGateway/componentTemplates/dm.forest.template",
    "uri" : "/analyticsGateway/componentTemplates/dm.forest.template",
    "type" : "application/vnd.sas.analytics.component.template",
    "responseType" : "application/vnd.sas.analytics.component.template"
  }, {
    "method" : "DELETE",
    "rel" : "delete",
    "href" : "/analyticsGateway/componentTemplates/dm.forest.template",
    "uri" : "/analyticsGateway/componentTemplates/dm.forest.template"
  }, {
    "method" : "GET",
    "rel" : "transferExport",
    "href" : "/analyticsGateway/componentTemplates/dm.forest.template",
    "uri" : "/analyticsGateway/componentTemplates/dm.forest.template",
    "type" : "application/vnd.sas.transfer.object"
  }, {
    "method" : "PUT",
    "rel" : "transferImportUpdate",
    "href" : "/analyticsGateway/componentTemplates/dm.forest.template",
    "uri" : "/analyticsGateway/componentTemplates/dm.forest.template",
    "type" : "application/vnd.sas.transfer.object",
    "responseType" : "application/vnd.sas.summary"
  }, {
    "method" : "GET",
    "rel" : "extendedDescription",
    "href" : "/dataMining/componentTemplates/dm.forest.template/extendedDescription",
    "uri" : "/dataMining/componentTemplates/dm.forest.template/extendedDescription",
    "type" : "text/markdown"
  }, {
    "method" : "GET",
    "rel" : "localizationContext",
    "href" : "/analyticsLocalization/contexts/dm.service.nls",
    "uri" : "/analyticsLocalization/contexts/dm.service.nls",
    "type" : "application/vnd.sas.analytics.localization.context"
  } ],
  "name" : "Forest",
  "description" : "Fits a forest model, which consists of multiple decision trees based on different samples of the data and different subsets of inputs.",
  "revision" : 19,
  "version" : 1,
  "prototype" : {
    "creationTimeStamp" : "2018-11-20T19:59:29.852Z",
    "modifiedTimeStamp" : "2019-03-28T19:12:21.370Z",
    "createdBy" : "sas.dataMining",
    "modifiedBy" : "sas.dataMining",
    "id" : "e897fff6-b4c5-4a68-af6b-0286b0841476",
    "name" : "Forest",
    "description" : "Fits a forest model, which consists of multiple decision trees based on different samples of the data and different subsets of inputs.",
    "revision" : 37,
    "iconCode" : "",
    "imageUri" : "/dataMining/images/forest.svg",
    "executionProviderId" : "Compute",
    "classification" : "forest",
    "group" : "supervised",
    "status" : "undefined",
    "componentProperties" : {
      "maxTrees" : 100,
      "voteMethod" : "PROBABILITY",
      "criterionMethod" : "IGR",
      "iCriterionMethod" : "VARIANCE",
      "maxBranch" : 2,
      "maxDepth" : 20,
      "leafSize" : 5,
      "missingValue" : "USEINSEARCH",
      "minUseInSearch" : 1,
      "intervalBins" : 20,
      "intBinMethod" : "BUCKET",
      "trainFraction" : 0.6,
      "defaultVarsPerTree" : true,
      "varsToTry" : 100,
      "loh" : 0,
      "seed" : 12345,
      "autotune_enabled" : false,
      "atmaxDepth" : true,
      "atmaxDepthInit" : 20,
      "atmaxDepthLB" : 1,
      "atmaxDepthUB" : 29,
      "atmaxTrees" : true,
      "atmaxTreesInit" : 100,
      "atmaxTreesLB" : 20,
      "atmaxTreesUB" : 150,
      "attrainFraction" : true,
      "attrainFractionInit" : 0.6,
      "attrainFractionLB" : 0.1,
      "attrainFractionUB" : 0.9,
      "atvarsToTry" : true,
      "atvarsToTryInit" : 100,
      "atvarsToTryLB" : 1,
      "atvarsToTryUB" : 100,
      "atSearchMethod" : "GA",
      "atPopSize" : 10,
      "atMaxEval" : 50,
      "atMaxIter" : 5,
      "atMaxBayes" : 100,
      "atSampleSize" : 50,
      "atValidMethod" : "PARTITION",
      "atTrainProp" : 0.7,
      "atValidProp" : 0.3,
      "atValidFold" : 5,
      "atObjectiveNom" : "KS",
      "atObjectiveInt" : "ASE",
      "atMaxTime" : 60,
      "userProbCutoff" : false,
      "binaryProbCutoff" : 0.5,
      "performVI" : false,
      "pdPlots" : false,
      "pdNumImportantInputs" : 5,
      "pdObsHandling" : "SAMPLE",
      "pdObsSamples" : 500,
      "pdObsClusters" : 100,
      "icePlots" : false,
      "iceImportantInputs" : 3,
      "performLime" : false,
      "limeNCentroids" : 2,
      "limeNSamples" : 10000,
      "limeNIterations" : 1,
      "limeDistanceMetric" : "cosine",
      "limeKernelWidth" : 0,
      "limeKTopFeatures" : 5,
      "limeClusterScoreCode" : false
    },
    "systemAttributes" : {
      "casSessionId" : "",
      "userDefined" : false,
      "modeling" : true,
      "trainOnly" : false,
      "prefix" : "forest",
      "version" : "1",
      "component" : "forest",
      "scoreCodeFormat" : "ASTORE",
      "codeFile" : "forest.sas",
      "codeFormat" : "FILE",
      "codeLanguage" : "SAS",
      "_omitJsonListing" : true,
      "_omitTextListing" : true,
      "_omitSessionResults" : true,
      "dataMiningVersion" : "8.3"
    }
  },
  "applicationId" : "datamining",
  "classification" : "forest",
  "providerId" : "SAS",
  "group" : "supervised",
  "hidden" : false
}