{
  "creationTimeStamp" : "2019-05-20T20:29:09.255Z",
  "modifiedTimeStamp" : "2019-10-30T05:20:09.394Z",
  "createdBy" : "sas.dataMining",
  "modifiedBy" : "sas.dataMining",
  "id" : "dm.logisticreg.template",
  "links" : [ {
    "method" : "GET",
    "rel" : "up",
    "href" : "/analyticsGateway/componentTemplates",
    "uri" : "/analyticsGateway/componentTemplates",
    "type" : "application/vnd.sas.collection"
  }, {
    "method" : "GET",
    "rel" : "exportComponentTemplate",
    "href" : "/analyticsGateway/componentTemplates/dm.logisticreg.template",
    "uri" : "/analyticsGateway/componentTemplates/dm.logisticreg.template",
    "type" : "application/octet-stream"
  }, {
    "method" : "GET",
    "rel" : "self",
    "href" : "/analyticsGateway/componentTemplates/dm.logisticreg.template",
    "uri" : "/analyticsGateway/componentTemplates/dm.logisticreg.template",
    "type" : "application/vnd.sas.analytics.component.template"
  }, {
    "method" : "GET",
    "rel" : "transferExport",
    "href" : "/analyticsGateway/componentTemplates/dm.logisticreg.template",
    "uri" : "/analyticsGateway/componentTemplates/dm.logisticreg.template",
    "type" : "application/vnd.sas.transfer.object"
  }, {
    "method" : "GET",
    "rel" : "localizationContext",
    "href" : "/analyticsLocalization/contexts/dm.service.nls",
    "uri" : "/analyticsLocalization/contexts/dm.service.nls",
    "type" : "application/vnd.sas.analytics.localization.context"
  } ],
  "name" : "Logistic Regression",
  "description" : "Fits a logistic regression model for a binary or nominal target.",
  "revision" : 22,
  "version" : 1,
  "prototype" : {
    "creationTimeStamp" : "2019-05-20T20:29:09.251Z",
    "modifiedTimeStamp" : "2019-10-30T05:20:09.412Z",
    "createdBy" : "sas.dataMining",
    "modifiedBy" : "sas.dataMining",
    "id" : "f780b2e7-9e36-48a4-a729-f4563bfe603c",
    "name" : "Logistic Regression",
    "description" : "Fits a logistic regression model for a binary or nominal target.",
    "revision" : 43,
    "iconCode" : "",
    "imageUri" : "/dataMining/images/logisticreg.svg",
    "executionProviderId" : "Compute",
    "classification" : "logisticreg",
    "group" : "supervised",
    "status" : "undefined",
    "componentProperties" : {
      "train" : true,
      "linkFunction" : "LOGIT",
      "nomlinkFunction" : "GLOGIT",
      "classOrder" : "FMTASC",
      "factorInteractions" : false,
      "factorSplit" : false,
      "useSpline" : false,
      "useSplineSplit" : false,
      "usePolynomial" : false,
      "polynomialDegree" : "2",
      "suppressIntercept" : false,
      "informativeMiss" : false,
      "missAsLvl" : false,
      "selectMethod" : "STEPWISE",
      "selectCriterion" : "SBC",
      "stopCriterion" : "SBC",
      "chooseCriterion" : "SBC",
      "slEntry" : 0.05,
      "slStay" : 0.05,
      "maxEffects" : 0,
      "minEffects" : 0,
      "maxSteps" : 0,
      "hierarchy" : "NONE",
      "tech" : "NRRIDG",
      "normalize" : true,
      "userProbCutoff" : false,
      "binaryProbCutoff" : 0.5,
      "performVI" : false,
      "pdPlots" : false,
      "pdNumImportantInputs" : 5,
      "pdObsSamples" : 500,
      "icePlots" : false,
      "performLime" : false,
      "limeNSamples" : 10000,
      "limeNIterations" : 1,
      "limeDistanceMetric" : "cosine",
      "limeKernelWidth" : 0,
      "typeExplain" : "CLUSTER",
      "limeNCentroids" : 2,
      "limeClusterScoreCode" : false,
      "limeKTopFeatures" : 5
    },
    "systemAttributes" : {
      "casSessionId" : "",
      "userDefined" : false,
      "modeling" : true,
      "trainOnly" : false,
      "prefix" : "logisticreg",
      "version" : "1",
      "component" : "logisticreg",
      "scoreCodeFormat" : "DS1",
      "codeFile" : "logisticreg.sas",
      "codeFormat" : "FILE",
      "codeLanguage" : "SAS",
      "_omitJsonListing" : true,
      "_omitTextListing" : true,
      "_omitSessionResults" : true,
      "dataMiningVersion" : "8.4"
    },
    "componentPropertyMetadata" : {
      "performVI" : {
        "omitFromModified" : true
      },
      "pdPlots" : {
        "omitFromModified" : true
      },
      "pdNumImportantInputs" : {
        "omitFromModified" : true
      },
      "pdObsSamples" : {
        "omitFromModified" : true
      },
      "icePlots" : {
        "omitFromModified" : true
      },
      "performLime" : {
        "omitFromModified" : true
      },
      "limeNSamples" : {
        "omitFromModified" : true
      },
      "limeNIterations" : {
        "omitFromModified" : true
      },
      "limeDistanceMetric" : {
        "omitFromModified" : true
      },
      "limeKernelWidth" : {
        "omitFromModified" : true
      },
      "typeExplain" : {
        "omitFromModified" : true
      },
      "indvRow" : {
        "omitFromModified" : true
      },
      "limeNCentroids" : {
        "omitFromModified" : true
      },
      "limeClusterScoreCode" : {
        "omitFromModified" : true
      },
      "limeKTopFeatures" : {
        "omitFromModified" : true
      }
    }
  },
  "applicationId" : "datamining",
  "classification" : "logisticreg",
  "providerId" : "SAS",
  "group" : "supervised",
  "hidden" : false
}