{
  "creationTimeStamp" : "2019-05-20T20:29:14.536Z",
  "modifiedTimeStamp" : "2019-10-30T05:20:16.535Z",
  "createdBy" : "sas.dataMining",
  "modifiedBy" : "sas.dataMining",
  "id" : "dm.svm.template",
  "links" : [ {
    "method" : "GET",
    "rel" : "up",
    "href" : "/analyticsGateway/componentTemplates",
    "uri" : "/analyticsGateway/componentTemplates",
    "type" : "application/vnd.sas.collection"
  }, {
    "method" : "GET",
    "rel" : "exportComponentTemplate",
    "href" : "/analyticsGateway/componentTemplates/dm.svm.template",
    "uri" : "/analyticsGateway/componentTemplates/dm.svm.template",
    "type" : "application/octet-stream"
  }, {
    "method" : "GET",
    "rel" : "self",
    "href" : "/analyticsGateway/componentTemplates/dm.svm.template",
    "uri" : "/analyticsGateway/componentTemplates/dm.svm.template",
    "type" : "application/vnd.sas.analytics.component.template"
  }, {
    "method" : "GET",
    "rel" : "transferExport",
    "href" : "/analyticsGateway/componentTemplates/dm.svm.template",
    "uri" : "/analyticsGateway/componentTemplates/dm.svm.template",
    "type" : "application/vnd.sas.transfer.object"
  }, {
    "method" : "GET",
    "rel" : "localizationContext",
    "href" : "/analyticsLocalization/contexts/dm.service.nls",
    "uri" : "/analyticsLocalization/contexts/dm.service.nls",
    "type" : "application/vnd.sas.analytics.localization.context"
  } ],
  "name" : "SVM",
  "description" : "Fits a support vector machine via interior-point optimization for a binary target.",
  "revision" : 22,
  "version" : 1,
  "prototype" : {
    "creationTimeStamp" : "2019-05-20T20:29:14.531Z",
    "modifiedTimeStamp" : "2019-10-30T05:20:16.584Z",
    "createdBy" : "sas.dataMining",
    "modifiedBy" : "sas.dataMining",
    "id" : "1049c23e-0ad2-4d3f-8467-79ae9fd9329a",
    "name" : "SVM",
    "description" : "Fits a support vector machine via interior-point optimization for a binary target.",
    "revision" : 43,
    "iconCode" : "",
    "imageUri" : "/dataMining/images/svm.svg",
    "executionProviderId" : "Compute",
    "classification" : "svm",
    "group" : "supervised",
    "status" : "undefined",
    "componentProperties" : {
      "train" : true,
      "scale" : true,
      "missAsLvl" : false,
      "iterReport" : false,
      "penalty" : 1,
      "ipointKernel" : "LINEAR",
      "ipointDegree" : "2",
      "tolerance" : 1.0E-6,
      "maxIter" : 25,
      "autotune_enabled" : false,
      "atPenalty" : true,
      "atPenaltyInit" : 1,
      "atPenaltyLB" : 1.0E-6,
      "atPenaltyUB" : 100,
      "atipointDegree" : true,
      "atipointDegreeInit" : 1,
      "atipointDegreeLB" : 1,
      "atipointDegreeUB" : 3,
      "atSearchMethod" : "GA",
      "atPopSize" : 10,
      "atMaxEval" : 50,
      "atMaxIter" : 5,
      "atMaxBayes" : 100,
      "atSampleSize" : 50,
      "atValidMethod" : "PARTITION",
      "atTrainProp" : 0.7,
      "atValidProp" : 0.3,
      "atValidFold" : 5,
      "atObjectiveNom" : "KS",
      "atObjectiveInt" : "ASE",
      "atMaxTime" : 60,
      "userProbCutoff" : false,
      "binaryProbCutoff" : 0.5,
      "performVI" : false,
      "pdPlots" : false,
      "pdNumImportantInputs" : 5,
      "pdObsSamples" : 500,
      "icePlots" : false,
      "performLime" : false,
      "limeNSamples" : 10000,
      "limeNIterations" : 1,
      "limeDistanceMetric" : "cosine",
      "limeKernelWidth" : 0,
      "typeExplain" : "CLUSTER",
      "limeNCentroids" : 2,
      "limeClusterScoreCode" : false,
      "limeKTopFeatures" : 5
    },
    "systemAttributes" : {
      "casSessionId" : "",
      "userDefined" : false,
      "modeling" : true,
      "trainOnly" : false,
      "prefix" : "svm",
      "version" : "1",
      "component" : "svm",
      "scoreCodeFormat" : "ASTORE",
      "codeFile" : "svm.sas",
      "codeFormat" : "FILE",
      "codeLanguage" : "SAS",
      "_omitJsonListing" : true,
      "_omitTextListing" : true,
      "_omitSessionResults" : true,
      "dataMiningVersion" : "8.4"
    },
    "componentPropertyMetadata" : {
      "performVI" : {
        "omitFromModified" : true
      },
      "pdPlots" : {
        "omitFromModified" : true
      },
      "pdNumImportantInputs" : {
        "omitFromModified" : true
      },
      "pdObsSamples" : {
        "omitFromModified" : true
      },
      "icePlots" : {
        "omitFromModified" : true
      },
      "performLime" : {
        "omitFromModified" : true
      },
      "limeNSamples" : {
        "omitFromModified" : true
      },
      "limeNIterations" : {
        "omitFromModified" : true
      },
      "limeDistanceMetric" : {
        "omitFromModified" : true
      },
      "limeKernelWidth" : {
        "omitFromModified" : true
      },
      "typeExplain" : {
        "omitFromModified" : true
      },
      "indvRow" : {
        "omitFromModified" : true
      },
      "limeNCentroids" : {
        "omitFromModified" : true
      },
      "limeClusterScoreCode" : {
        "omitFromModified" : true
      },
      "limeKTopFeatures" : {
        "omitFromModified" : true
      }
    }
  },
  "applicationId" : "datamining",
  "classification" : "svm",
  "providerId" : "SAS",
  "group" : "supervised",
  "hidden" : false
}