{
  "creationTimeStamp" : "2018-11-20T19:59:24.936Z",
  "modifiedTimeStamp" : "2019-03-28T19:12:19.885Z",
  "createdBy" : "sas.dataMining",
  "modifiedBy" : "sas.dataMining",
  "id" : "dm.data.template",
  "links" : [ {
    "method" : "GET",
    "rel" : "up",
    "href" : "/analyticsGateway/componentTemplates",
    "uri" : "/analyticsGateway/componentTemplates",
    "type" : "application/vnd.sas.collection"
  }, {
    "method" : "GET",
    "rel" : "exportComponentTemplate",
    "href" : "/analyticsGateway/componentTemplates/dm.data.template",
    "uri" : "/analyticsGateway/componentTemplates/dm.data.template",
    "type" : "application/octet-stream"
  }, {
    "method" : "GET",
    "rel" : "self",
    "href" : "/analyticsGateway/componentTemplates/dm.data.template",
    "uri" : "/analyticsGateway/componentTemplates/dm.data.template",
    "type" : "application/vnd.sas.analytics.component.template"
  }, {
    "method" : "PUT",
    "rel" : "update",
    "href" : "/analyticsGateway/componentTemplates/dm.data.template",
    "uri" : "/analyticsGateway/componentTemplates/dm.data.template",
    "type" : "application/vnd.sas.analytics.component.template",
    "responseType" : "application/vnd.sas.analytics.component.template"
  }, {
    "method" : "DELETE",
    "rel" : "delete",
    "href" : "/analyticsGateway/componentTemplates/dm.data.template",
    "uri" : "/analyticsGateway/componentTemplates/dm.data.template"
  }, {
    "method" : "GET",
    "rel" : "transferExport",
    "href" : "/analyticsGateway/componentTemplates/dm.data.template",
    "uri" : "/analyticsGateway/componentTemplates/dm.data.template",
    "type" : "application/vnd.sas.transfer.object"
  }, {
    "method" : "PUT",
    "rel" : "transferImportUpdate",
    "href" : "/analyticsGateway/componentTemplates/dm.data.template",
    "uri" : "/analyticsGateway/componentTemplates/dm.data.template",
    "type" : "application/vnd.sas.transfer.object",
    "responseType" : "application/vnd.sas.summary"
  }, {
    "method" : "GET",
    "rel" : "extendedDescription",
    "href" : "/dataMining/componentTemplates/dm.data.template/extendedDescription",
    "uri" : "/dataMining/componentTemplates/dm.data.template/extendedDescription",
    "type" : "text/markdown"
  }, {
    "method" : "GET",
    "rel" : "localizationContext",
    "href" : "/analyticsLocalization/contexts/dm.service.nls",
    "uri" : "/analyticsLocalization/contexts/dm.service.nls",
    "type" : "application/vnd.sas.analytics.localization.context"
  } ],
  "name" : "Data",
  "description" : "Defines all the information about the data set.",
  "revision" : 19,
  "version" : 1,
  "prototype" : {
    "creationTimeStamp" : "2018-11-20T19:59:24.932Z",
    "modifiedTimeStamp" : "2019-03-28T19:12:19.890Z",
    "createdBy" : "sas.dataMining",
    "modifiedBy" : "sas.dataMining",
    "id" : "ea1194f6-337e-4213-9c0e-d28bd80d244a",
    "name" : "Data",
    "description" : "Defines all the information about the data set.",
    "revision" : 37,
    "iconCode" : "",
    "executionProviderId" : "datamining",
    "classification" : "data",
    "group" : "data",
    "status" : "undefined",
    "systemAttributes" : {
      "dataMiningVersion" : "8.3"
    }
  },
  "applicationId" : "datamining",
  "classification" : "data",
  "providerId" : "SAS",
  "group" : "data",
  "hidden" : true
}