{
  "creationTimeStamp" : "2019-05-20T20:29:08.454Z",
  "modifiedTimeStamp" : "2019-10-30T05:20:08.319Z",
  "createdBy" : "sas.dataMining",
  "modifiedBy" : "sas.dataMining",
  "id" : "dm.impute.template",
  "links" : [ {
    "method" : "GET",
    "rel" : "up",
    "href" : "/analyticsGateway/componentTemplates",
    "uri" : "/analyticsGateway/componentTemplates",
    "type" : "application/vnd.sas.collection"
  }, {
    "method" : "GET",
    "rel" : "exportComponentTemplate",
    "href" : "/analyticsGateway/componentTemplates/dm.impute.template",
    "uri" : "/analyticsGateway/componentTemplates/dm.impute.template",
    "type" : "application/octet-stream"
  }, {
    "method" : "GET",
    "rel" : "self",
    "href" : "/analyticsGateway/componentTemplates/dm.impute.template",
    "uri" : "/analyticsGateway/componentTemplates/dm.impute.template",
    "type" : "application/vnd.sas.analytics.component.template"
  }, {
    "method" : "GET",
    "rel" : "transferExport",
    "href" : "/analyticsGateway/componentTemplates/dm.impute.template",
    "uri" : "/analyticsGateway/componentTemplates/dm.impute.template",
    "type" : "application/vnd.sas.transfer.object"
  }, {
    "method" : "GET",
    "rel" : "localizationContext",
    "href" : "/analyticsLocalization/contexts/dm.service.nls",
    "uri" : "/analyticsLocalization/contexts/dm.service.nls",
    "type" : "application/vnd.sas.analytics.localization.context"
  } ],
  "name" : "Imputation",
  "description" : "Imputes missing values for class and interval inputs using the specified methods.",
  "revision" : 22,
  "version" : 1,
  "prototype" : {
    "creationTimeStamp" : "2019-05-20T20:29:08.450Z",
    "modifiedTimeStamp" : "2019-10-30T05:20:08.354Z",
    "createdBy" : "sas.dataMining",
    "modifiedBy" : "sas.dataMining",
    "id" : "d8f616bc-c881-4203-900e-aa6349db05d5",
    "name" : "Imputation",
    "description" : "Imputes missing values for class and interval inputs using the specified methods.",
    "revision" : 43,
    "iconCode" : "",
    "executionProviderId" : "Compute",
    "classification" : "impute",
    "group" : "pre_process",
    "status" : "undefined",
    "componentProperties" : {
      "imputeNonmiss" : false,
      "maxMissPercent" : 50,
      "rejectOrgVars" : true,
      "summaryStatistics" : false,
      "defClassMethod" : "COUNT",
      "randomSeed" : 12345,
      "defIntervalMethod" : "MEAN",
      "dataLimit" : "ALLDATA",
      "dataLimitPercent" : 5,
      "constantChar" : " ",
      "constantNum" : 0,
      "indicatorSingle" : false,
      "indicatorUnique" : false,
      "indicatorSubject" : "IMPUTED",
      "indicatorRole" : "REJECTED"
    },
    "systemAttributes" : {
      "casSessionId" : "",
      "userDefined" : false,
      "modeling" : false,
      "trainOnly" : true,
      "prefix" : "impute",
      "version" : "1",
      "component" : "impute",
      "scoreCodeFormat" : "DS1",
      "codeFile" : "impute.sas",
      "codeFormat" : "FILE",
      "codeLanguage" : "SAS",
      "_omitJsonListing" : true,
      "_omitTextListing" : true,
      "_omitSessionResults" : true,
      "dataMiningVersion" : "8.4"
    }
  },
  "applicationId" : "datamining",
  "classification" : "impute",
  "providerId" : "SAS",
  "group" : "pre_process",
  "hidden" : false
}