{
  "creationTimeStamp" : "2018-11-20T19:59:38.101Z",
  "modifiedTimeStamp" : "2019-03-28T19:12:23.857Z",
  "createdBy" : "sas.dataMining",
  "modifiedBy" : "sas.dataMining",
  "id" : "dm.opensrc.template",
  "links" : [ {
    "method" : "GET",
    "rel" : "up",
    "href" : "/analyticsGateway/componentTemplates",
    "uri" : "/analyticsGateway/componentTemplates",
    "type" : "application/vnd.sas.collection"
  }, {
    "method" : "GET",
    "rel" : "exportComponentTemplate",
    "href" : "/analyticsGateway/componentTemplates/dm.opensrc.template",
    "uri" : "/analyticsGateway/componentTemplates/dm.opensrc.template",
    "type" : "application/octet-stream"
  }, {
    "method" : "GET",
    "rel" : "self",
    "href" : "/analyticsGateway/componentTemplates/dm.opensrc.template",
    "uri" : "/analyticsGateway/componentTemplates/dm.opensrc.template",
    "type" : "application/vnd.sas.analytics.component.template"
  }, {
    "method" : "PUT",
    "rel" : "update",
    "href" : "/analyticsGateway/componentTemplates/dm.opensrc.template",
    "uri" : "/analyticsGateway/componentTemplates/dm.opensrc.template",
    "type" : "application/vnd.sas.analytics.component.template",
    "responseType" : "application/vnd.sas.analytics.component.template"
  }, {
    "method" : "DELETE",
    "rel" : "delete",
    "href" : "/analyticsGateway/componentTemplates/dm.opensrc.template",
    "uri" : "/analyticsGateway/componentTemplates/dm.opensrc.template"
  }, {
    "method" : "GET",
    "rel" : "transferExport",
    "href" : "/analyticsGateway/componentTemplates/dm.opensrc.template",
    "uri" : "/analyticsGateway/componentTemplates/dm.opensrc.template",
    "type" : "application/vnd.sas.transfer.object"
  }, {
    "method" : "PUT",
    "rel" : "transferImportUpdate",
    "href" : "/analyticsGateway/componentTemplates/dm.opensrc.template",
    "uri" : "/analyticsGateway/componentTemplates/dm.opensrc.template",
    "type" : "application/vnd.sas.transfer.object",
    "responseType" : "application/vnd.sas.summary"
  }, {
    "method" : "GET",
    "rel" : "extendedDescription",
    "href" : "/dataMining/componentTemplates/dm.opensrc.template/extendedDescription",
    "uri" : "/dataMining/componentTemplates/dm.opensrc.template/extendedDescription",
    "type" : "text/markdown"
  }, {
    "method" : "GET",
    "rel" : "localizationContext",
    "href" : "/analyticsLocalization/contexts/dm.service.nls",
    "uri" : "/analyticsLocalization/contexts/dm.service.nls",
    "type" : "application/vnd.sas.analytics.localization.context"
  } ],
  "name" : "Open Source Code",
  "description" : "Runs Python or R code.",
  "revision" : 19,
  "version" : 1,
  "prototype" : {
    "creationTimeStamp" : "2018-11-20T19:59:38.096Z",
    "modifiedTimeStamp" : "2019-03-28T19:12:23.862Z",
    "createdBy" : "sas.dataMining",
    "modifiedBy" : "sas.dataMining",
    "id" : "1a582367-a3ed-43b1-9300-0e8c382affcb",
    "name" : "Open Source Code",
    "description" : "Runs Python or R code.",
    "revision" : 37,
    "iconCode" : "",
    "imageUri" : "/dataMining/images/opensrc.svg",
    "executionProviderId" : "Compute",
    "classification" : "opensrc",
    "group" : "miscellaneous",
    "status" : "undefined",
    "componentProperties" : {
      "sampMethod" : "STRATIFY",
      "sampType" : "NUM",
      "sampObs" : 10000,
      "sampPercent" : 10,
      "exportWithFormat" : true,
      "dframe" : true
    },
    "systemAttributes" : {
      "casSessionId" : "",
      "userDefined" : false,
      "modeling" : false,
      "trainOnly" : false,
      "prefix" : "opensrc",
      "version" : "1",
      "component" : "opensrc",
      "codeFile" : "opensrc.sas",
      "codeFormat" : "FILE",
      "codeLanguage" : "SAS",
      "useCodePropertyFiles" : true,
      "_omitJsonListing" : true,
      "_omitTextListing" : true,
      "_omitSessionResults" : true,
      "dataMiningVersion" : "8.3"
    }
  },
  "applicationId" : "datamining",
  "classification" : "opensrc",
  "providerId" : "SAS",
  "group" : "miscellaneous",
  "hidden" : false
}