{
  "creationTimeStamp" : "2019-05-20T20:29:15.325Z",
  "modifiedTimeStamp" : "2019-10-30T05:20:18.405Z",
  "createdBy" : "sas.dataMining",
  "modifiedBy" : "sas.dataMining",
  "id" : "dm.varclus.template",
  "links" : [ {
    "method" : "GET",
    "rel" : "up",
    "href" : "/analyticsGateway/componentTemplates",
    "uri" : "/analyticsGateway/componentTemplates",
    "type" : "application/vnd.sas.collection"
  }, {
    "method" : "GET",
    "rel" : "exportComponentTemplate",
    "href" : "/analyticsGateway/componentTemplates/dm.varclus.template",
    "uri" : "/analyticsGateway/componentTemplates/dm.varclus.template",
    "type" : "application/octet-stream"
  }, {
    "method" : "GET",
    "rel" : "self",
    "href" : "/analyticsGateway/componentTemplates/dm.varclus.template",
    "uri" : "/analyticsGateway/componentTemplates/dm.varclus.template",
    "type" : "application/vnd.sas.analytics.component.template"
  }, {
    "method" : "GET",
    "rel" : "transferExport",
    "href" : "/analyticsGateway/componentTemplates/dm.varclus.template",
    "uri" : "/analyticsGateway/componentTemplates/dm.varclus.template",
    "type" : "application/vnd.sas.transfer.object"
  }, {
    "method" : "GET",
    "rel" : "localizationContext",
    "href" : "/analyticsLocalization/contexts/dm.service.nls",
    "uri" : "/analyticsLocalization/contexts/dm.service.nls",
    "type" : "application/vnd.sas.analytics.localization.context"
  } ],
  "name" : "Variable Clustering",
  "description" : "Performs variable clustering to reduce the number of inputs.",
  "revision" : 22,
  "version" : 1,
  "prototype" : {
    "creationTimeStamp" : "2019-05-20T20:29:15.322Z",
    "modifiedTimeStamp" : "2019-10-30T05:20:18.414Z",
    "createdBy" : "sas.dataMining",
    "modifiedBy" : "sas.dataMining",
    "id" : "465ec2d5-e2ac-4039-909b-ff3c168900af",
    "name" : "Variable Clustering",
    "description" : "Performs variable clustering to reduce the number of inputs.",
    "revision" : 43,
    "iconCode" : "",
    "executionProviderId" : "Compute",
    "classification" : "varclus",
    "group" : "pre_process",
    "status" : "undefined",
    "componentProperties" : {
      "clusterRep" : "BESTVAR",
      "clusprefix" : "_CLUS",
      "classVars" : false,
      "classlevVars" : true,
      "optimalCrit" : "NONE",
      "maxSteps" : 6,
      "minClusters" : 1,
      "defaultMaxMembers" : true,
      "maxMembers" : 20,
      "rho" : 0.8,
      "maxIters" : 1000,
      "tol" : 1.0E-4
    },
    "systemAttributes" : {
      "casSessionId" : "",
      "userDefined" : false,
      "modeling" : false,
      "trainOnly" : true,
      "prefix" : "vclus",
      "version" : "1",
      "component" : "varclus",
      "codeFile" : "varclus.sas",
      "codeFormat" : "FILE",
      "codeLanguage" : "SAS",
      "_omitJsonListing" : true,
      "_omitTextListing" : true,
      "_omitSessionResults" : true,
      "dataMiningVersion" : "8.4"
    }
  },
  "applicationId" : "datamining",
  "classification" : "varclus",
  "providerId" : "SAS",
  "group" : "pre_process",
  "hidden" : false
}