{
  "creationTimeStamp" : "2018-11-20T19:59:45.425Z",
  "modifiedTimeStamp" : "2019-03-28T19:12:27.219Z",
  "createdBy" : "sas.dataMining",
  "modifiedBy" : "sas.dataMining",
  "id" : "dm.varselect.template",
  "links" : [ {
    "method" : "GET",
    "rel" : "up",
    "href" : "/analyticsGateway/componentTemplates",
    "uri" : "/analyticsGateway/componentTemplates",
    "type" : "application/vnd.sas.collection"
  }, {
    "method" : "GET",
    "rel" : "exportComponentTemplate",
    "href" : "/analyticsGateway/componentTemplates/dm.varselect.template",
    "uri" : "/analyticsGateway/componentTemplates/dm.varselect.template",
    "type" : "application/octet-stream"
  }, {
    "method" : "GET",
    "rel" : "self",
    "href" : "/analyticsGateway/componentTemplates/dm.varselect.template",
    "uri" : "/analyticsGateway/componentTemplates/dm.varselect.template",
    "type" : "application/vnd.sas.analytics.component.template"
  }, {
    "method" : "PUT",
    "rel" : "update",
    "href" : "/analyticsGateway/componentTemplates/dm.varselect.template",
    "uri" : "/analyticsGateway/componentTemplates/dm.varselect.template",
    "type" : "application/vnd.sas.analytics.component.template",
    "responseType" : "application/vnd.sas.analytics.component.template"
  }, {
    "method" : "DELETE",
    "rel" : "delete",
    "href" : "/analyticsGateway/componentTemplates/dm.varselect.template",
    "uri" : "/analyticsGateway/componentTemplates/dm.varselect.template"
  }, {
    "method" : "GET",
    "rel" : "transferExport",
    "href" : "/analyticsGateway/componentTemplates/dm.varselect.template",
    "uri" : "/analyticsGateway/componentTemplates/dm.varselect.template",
    "type" : "application/vnd.sas.transfer.object"
  }, {
    "method" : "PUT",
    "rel" : "transferImportUpdate",
    "href" : "/analyticsGateway/componentTemplates/dm.varselect.template",
    "uri" : "/analyticsGateway/componentTemplates/dm.varselect.template",
    "type" : "application/vnd.sas.transfer.object",
    "responseType" : "application/vnd.sas.summary"
  }, {
    "method" : "GET",
    "rel" : "localizationContext",
    "href" : "/analyticsLocalization/contexts/dm.service.nls",
    "uri" : "/analyticsLocalization/contexts/dm.service.nls",
    "type" : "application/vnd.sas.analytics.localization.context"
  }, {
    "method" : "GET",
    "rel" : "extendedDescription",
    "href" : "/dataMining/componentTemplates/dm.varselect.template/extendedDescription",
    "uri" : "/dataMining/componentTemplates/dm.varselect.template/extendedDescription",
    "type" : "text/markdown"
  } ],
  "name" : "Variable Selection",
  "description" : "Performs unsupervised and several supervised methods of variable selection to reduce the number of inputs.",
  "revision" : 19,
  "version" : 1,
  "prototype" : {
    "creationTimeStamp" : "2018-11-20T19:59:45.419Z",
    "modifiedTimeStamp" : "2019-03-28T19:12:27.224Z",
    "createdBy" : "sas.dataMining",
    "modifiedBy" : "sas.dataMining",
    "id" : "4ed537bd-9d5c-44a0-9291-9089b76023dc",
    "name" : "Variable Selection",
    "description" : "Performs unsupervised and several supervised methods of variable selection to reduce the number of inputs.",
    "revision" : 37,
    "iconCode" : "",
    "executionProviderId" : "Compute",
    "classification" : "varselect",
    "group" : "pre_process",
    "status" : "undefined",
    "componentProperties" : {
      "prescreen_Enabled" : false,
      "maxLevel" : 50,
      "missingPercent" : 50,
      "ensembleCrit" : "ANY",
      "unsuper_enabled" : false,
      "maxStepsRedu" : 200,
      "maxeffects_Redu" : 200,
      "pearson_Redu" : "CORR",
      "cumulativeRedu" : 1,
      "incrementRedu" : 0.001,
      "selectProcess" : "SEQUENTIAL",
      "fast_Enabled" : true,
      "stopSuper" : "BIC",
      "maxStepsSuper" : 200,
      "maxeffects_Super" : 200,
      "pearson_Redu_Super" : "CORR",
      "cumulative_Super" : 1,
      "increment_Super" : 0.001,
      "reg_Enabled" : false,
      "selectMethod" : "STEPWISE",
      "selectCriterion" : "SBC",
      "stopCriterion" : "SBC",
      "chooseCriterion" : "SBC",
      "slEntry" : 0.05,
      "slStay" : 0.05,
      "maxEffects" : 0,
      "minEffects" : 0,
      "maxSteps" : 0,
      "suppressIntercept" : false,
      "tree_Enabled" : false,
      "criterionMethod" : "ENTROPY",
      "iCriterionMethod" : "VARIANCE",
      "alpha" : 0.2,
      "bonferroni" : false,
      "maxBranch_t" : 2,
      "maxDepth_t" : 10,
      "hLeafSize" : 5,
      "missingValue" : "USEINSEARCH",
      "minUseinsearch_t" : 1,
      "intervalBins_t" : 20,
      "intBinMethod_t" : "BUCKET",
      "nSurrs" : 0,
      "useVarOnce" : false,
      "pruningMethod" : "COSTCOMPLEXITY",
      "selMethod" : "AUTOMATIC",
      "confidence" : 0.25,
      "nPLeaves" : 1,
      "cvccFolds" : 10,
      "seRule" : false,
      "seed_t" : 12345,
      "relativeImportance_t" : 0.25,
      "forest_Enabled" : false,
      "criterionMethod_f" : "IGR",
      "iCriterionMethod_f" : "VARIANCE",
      "maxBranch_f" : 2,
      "maxDepth_f" : 20,
      "leafSize" : 5,
      "minUseInSearch_f" : 1,
      "intervalBins_f" : 20,
      "intBinMethod_f" : "BUCKET",
      "trainFraction" : 0.6,
      "defaultVarsPerTree_f" : true,
      "varsToTry_f" : 100,
      "loh" : 0,
      "seed_f" : 12345,
      "maxTrees" : 100,
      "relativeImportance_f" : 0.25,
      "gradient_Enabled" : false,
      "maxBranch_g" : 2,
      "maxDepth_g" : 6,
      "minLeafSize" : 5,
      "minUseInSearch_g" : 1,
      "intervalBins_g" : 20,
      "intBinMethod_g" : "BUCKET",
      "defaultVarsPerTree_g" : true,
      "varsToTry_g" : 100,
      "seed_g" : 12345,
      "ntrees" : 100,
      "learningRate" : 0.1,
      "subsampleRate" : 0.5,
      "lasso" : 0,
      "ridge" : 0,
      "earlyStop" : true,
      "stagnation" : 5,
      "tolerance" : 0,
      "relativeImportance_g" : 0.25,
      "validation" : true,
      "validationProb" : 0.3,
      "partitionSeed" : 12345
    },
    "systemAttributes" : {
      "casSessionId" : "",
      "userDefined" : false,
      "modeling" : false,
      "trainOnly" : false,
      "prefix" : "vs",
      "version" : "1",
      "component" : "varselect",
      "scoreCodeFormat" : "DS1",
      "codeFile" : "varselect.sas",
      "codeFormat" : "FILE",
      "codeLanguage" : "SAS",
      "_omitJsonListing" : true,
      "_omitTextListing" : true,
      "_omitSessionResults" : true,
      "dataMiningVersion" : "8.3"
    }
  },
  "applicationId" : "datamining",
  "classification" : "varselect",
  "providerId" : "SAS",
  "group" : "pre_process",
  "hidden" : false
}