{
  "creationTimeStamp" : "2018-11-20T19:59:39.821Z",
  "modifiedTimeStamp" : "2019-03-28T19:12:24.421Z",
  "createdBy" : "sas.dataMining",
  "modifiedBy" : "sas.dataMining",
  "id" : "dm.sascode.template",
  "links" : [ {
    "method" : "GET",
    "rel" : "up",
    "href" : "/analyticsGateway/componentTemplates",
    "uri" : "/analyticsGateway/componentTemplates",
    "type" : "application/vnd.sas.collection"
  }, {
    "method" : "GET",
    "rel" : "exportComponentTemplate",
    "href" : "/analyticsGateway/componentTemplates/dm.sascode.template",
    "uri" : "/analyticsGateway/componentTemplates/dm.sascode.template",
    "type" : "application/octet-stream"
  }, {
    "method" : "GET",
    "rel" : "self",
    "href" : "/analyticsGateway/componentTemplates/dm.sascode.template",
    "uri" : "/analyticsGateway/componentTemplates/dm.sascode.template",
    "type" : "application/vnd.sas.analytics.component.template"
  }, {
    "method" : "PUT",
    "rel" : "update",
    "href" : "/analyticsGateway/componentTemplates/dm.sascode.template",
    "uri" : "/analyticsGateway/componentTemplates/dm.sascode.template",
    "type" : "application/vnd.sas.analytics.component.template",
    "responseType" : "application/vnd.sas.analytics.component.template"
  }, {
    "method" : "DELETE",
    "rel" : "delete",
    "href" : "/analyticsGateway/componentTemplates/dm.sascode.template",
    "uri" : "/analyticsGateway/componentTemplates/dm.sascode.template"
  }, {
    "method" : "GET",
    "rel" : "transferExport",
    "href" : "/analyticsGateway/componentTemplates/dm.sascode.template",
    "uri" : "/analyticsGateway/componentTemplates/dm.sascode.template",
    "type" : "application/vnd.sas.transfer.object"
  }, {
    "method" : "PUT",
    "rel" : "transferImportUpdate",
    "href" : "/analyticsGateway/componentTemplates/dm.sascode.template",
    "uri" : "/analyticsGateway/componentTemplates/dm.sascode.template",
    "type" : "application/vnd.sas.transfer.object",
    "responseType" : "application/vnd.sas.summary"
  }, {
    "method" : "GET",
    "rel" : "localizationContext",
    "href" : "/analyticsLocalization/contexts/dm.service.nls",
    "uri" : "/analyticsLocalization/contexts/dm.service.nls",
    "type" : "application/vnd.sas.analytics.localization.context"
  }, {
    "method" : "GET",
    "rel" : "extendedDescription",
    "href" : "/dataMining/componentTemplates/dm.sascode.template/extendedDescription",
    "uri" : "/dataMining/componentTemplates/dm.sascode.template/extendedDescription",
    "type" : "text/markdown"
  } ],
  "name" : "SAS Code",
  "description" : "Runs SAS code.",
  "revision" : 19,
  "version" : 1,
  "prototype" : {
    "creationTimeStamp" : "2018-11-20T19:59:39.815Z",
    "modifiedTimeStamp" : "2019-03-28T19:12:24.426Z",
    "createdBy" : "sas.dataMining",
    "modifiedBy" : "sas.dataMining",
    "id" : "7b839a45-c3df-4726-b7b4-415f3d6fe5ea",
    "name" : "SAS Code",
    "description" : "Runs SAS code.",
    "revision" : 37,
    "iconCode" : "",
    "imageUri" : "/dataMining/images/code.svg",
    "executionProviderId" : "Compute",
    "classification" : "sascode",
    "group" : "miscellaneous",
    "status" : "undefined",
    "componentProperties" : {
      "sasCode" : "/* SAS code */",
      "trainOnly" : false,
      "performVI" : false,
      "pdPlots" : false,
      "pdNumImportantInputs" : 5,
      "pdObsHandling" : "SAMPLE",
      "pdObsSamples" : 500,
      "pdObsClusters" : 100,
      "icePlots" : false,
      "iceImportantInputs" : 3,
      "performLime" : false,
      "limeNCentroids" : 2,
      "limeNSamples" : 10000,
      "limeNIterations" : 1,
      "limeDistanceMetric" : "cosine",
      "limeKernelWidth" : 0,
      "limeKTopFeatures" : 5,
      "limeClusterScoreCode" : false
    },
    "systemAttributes" : {
      "casSessionId" : "",
      "userDefined" : false,
      "modeling" : false,
      "prefix" : "sascode",
      "version" : "1",
      "component" : "sascode",
      "scoreCodeFormat" : "DS1",
      "codeFile" : "sascode.sas",
      "codeFormat" : "FILE",
      "codeLanguage" : "SAS",
      "sasCode_Language" : "sas",
      "useCodePropertyFiles" : true,
      "_omitJsonListing" : true,
      "_omitTextListing" : true,
      "_omitSessionResults" : true,
      "dataMiningVersion" : "8.3"
    }
  },
  "applicationId" : "datamining",
  "classification" : "sascode",
  "providerId" : "SAS",
  "group" : "miscellaneous",
  "hidden" : false
}