{
  "creationTimeStamp" : "2018-11-20T19:59:42.617Z",
  "modifiedTimeStamp" : "2019-03-28T19:12:26.229Z",
  "createdBy" : "sas.dataMining",
  "modifiedBy" : "sas.dataMining",
  "id" : "dm.transform.template",
  "links" : [ {
    "method" : "GET",
    "rel" : "up",
    "href" : "/analyticsGateway/componentTemplates",
    "uri" : "/analyticsGateway/componentTemplates",
    "type" : "application/vnd.sas.collection"
  }, {
    "method" : "GET",
    "rel" : "exportComponentTemplate",
    "href" : "/analyticsGateway/componentTemplates/dm.transform.template",
    "uri" : "/analyticsGateway/componentTemplates/dm.transform.template",
    "type" : "application/octet-stream"
  }, {
    "method" : "GET",
    "rel" : "self",
    "href" : "/analyticsGateway/componentTemplates/dm.transform.template",
    "uri" : "/analyticsGateway/componentTemplates/dm.transform.template",
    "type" : "application/vnd.sas.analytics.component.template"
  }, {
    "method" : "PUT",
    "rel" : "update",
    "href" : "/analyticsGateway/componentTemplates/dm.transform.template",
    "uri" : "/analyticsGateway/componentTemplates/dm.transform.template",
    "type" : "application/vnd.sas.analytics.component.template",
    "responseType" : "application/vnd.sas.analytics.component.template"
  }, {
    "method" : "DELETE",
    "rel" : "delete",
    "href" : "/analyticsGateway/componentTemplates/dm.transform.template",
    "uri" : "/analyticsGateway/componentTemplates/dm.transform.template"
  }, {
    "method" : "GET",
    "rel" : "transferExport",
    "href" : "/analyticsGateway/componentTemplates/dm.transform.template",
    "uri" : "/analyticsGateway/componentTemplates/dm.transform.template",
    "type" : "application/vnd.sas.transfer.object"
  }, {
    "method" : "PUT",
    "rel" : "transferImportUpdate",
    "href" : "/analyticsGateway/componentTemplates/dm.transform.template",
    "uri" : "/analyticsGateway/componentTemplates/dm.transform.template",
    "type" : "application/vnd.sas.transfer.object",
    "responseType" : "application/vnd.sas.summary"
  }, {
    "method" : "GET",
    "rel" : "localizationContext",
    "href" : "/analyticsLocalization/contexts/dm.service.nls",
    "uri" : "/analyticsLocalization/contexts/dm.service.nls",
    "type" : "application/vnd.sas.analytics.localization.context"
  }, {
    "method" : "GET",
    "rel" : "extendedDescription",
    "href" : "/dataMining/componentTemplates/dm.transform.template/extendedDescription",
    "uri" : "/dataMining/componentTemplates/dm.transform.template/extendedDescription",
    "type" : "text/markdown"
  } ],
  "name" : "Transformations",
  "description" : "Applies numerical or binning transformations to input variables.",
  "revision" : 19,
  "version" : 1,
  "prototype" : {
    "creationTimeStamp" : "2018-11-20T19:59:42.612Z",
    "modifiedTimeStamp" : "2019-03-28T19:12:26.234Z",
    "createdBy" : "sas.dataMining",
    "modifiedBy" : "sas.dataMining",
    "id" : "642e351a-f394-4f6b-8d83-32ea4bb3eff2",
    "name" : "Transformations",
    "description" : "Applies numerical or binning transformations to input variables.",
    "revision" : 37,
    "iconCode" : "",
    "executionProviderId" : "Compute",
    "classification" : "transform",
    "group" : "pre_process",
    "status" : "undefined",
    "componentProperties" : {
      "defaultMethod" : "NONE",
      "bestRankIntTarg" : "CLASSICALSKEW",
      "bestRankBinTarg" : "CLASSICALSKEW",
      "bestRankNomTarg" : "CLASSICALSKEW",
      "numBins" : 4,
      "outlierBins" : false,
      "minObsinBin" : 5,
      "defltClassMethod" : "NONE",
      "cutoffPercent" : 0.5,
      "missingTreatment" : "SEPARATE",
      "rejectVariable" : true,
      "summaryStatistics" : false
    },
    "systemAttributes" : {
      "casSessionId" : "",
      "userDefined" : false,
      "modeling" : false,
      "trainOnly" : true,
      "prefix" : "trans",
      "version" : "1",
      "component" : "transform",
      "scoreCodeFormat" : "DS1",
      "codeFile" : "transform.sas",
      "codeFormat" : "FILE",
      "codeLanguage" : "SAS",
      "_omitJsonListing" : true,
      "_omitTextListing" : true,
      "_omitSessionResults" : true,
      "dataMiningVersion" : "8.3"
    }
  },
  "applicationId" : "datamining",
  "classification" : "transform",
  "providerId" : "SAS",
  "group" : "pre_process",
  "hidden" : false
}