{
  "creationTimeStamp" : "2019-05-20T20:29:03.784Z",
  "modifiedTimeStamp" : "2019-10-30T05:20:02.871Z",
  "createdBy" : "sas.dataMining",
  "modifiedBy" : "sas.dataMining",
  "id" : "dm.data.template",
  "links" : [ {
    "method" : "GET",
    "rel" : "up",
    "href" : "/analyticsGateway/componentTemplates",
    "uri" : "/analyticsGateway/componentTemplates",
    "type" : "application/vnd.sas.collection"
  }, {
    "method" : "GET",
    "rel" : "exportComponentTemplate",
    "href" : "/analyticsGateway/componentTemplates/dm.data.template",
    "uri" : "/analyticsGateway/componentTemplates/dm.data.template",
    "type" : "application/octet-stream"
  }, {
    "method" : "GET",
    "rel" : "self",
    "href" : "/analyticsGateway/componentTemplates/dm.data.template",
    "uri" : "/analyticsGateway/componentTemplates/dm.data.template",
    "type" : "application/vnd.sas.analytics.component.template"
  }, {
    "method" : "GET",
    "rel" : "transferExport",
    "href" : "/analyticsGateway/componentTemplates/dm.data.template",
    "uri" : "/analyticsGateway/componentTemplates/dm.data.template",
    "type" : "application/vnd.sas.transfer.object"
  }, {
    "method" : "GET",
    "rel" : "localizationContext",
    "href" : "/analyticsLocalization/contexts/dm.service.nls",
    "uri" : "/analyticsLocalization/contexts/dm.service.nls",
    "type" : "application/vnd.sas.analytics.localization.context"
  } ],
  "name" : "Data",
  "description" : "Defines all the information about the data set.",
  "revision" : 22,
  "version" : 1,
  "prototype" : {
    "creationTimeStamp" : "2019-05-20T20:29:03.780Z",
    "modifiedTimeStamp" : "2019-10-30T05:20:02.902Z",
    "createdBy" : "sas.dataMining",
    "modifiedBy" : "sas.dataMining",
    "id" : "90a029ce-53d2-4b63-84b4-48673926618b",
    "name" : "Data",
    "description" : "Defines all the information about the data set.",
    "revision" : 43,
    "iconCode" : "",
    "executionProviderId" : "datamining",
    "classification" : "data",
    "group" : "data",
    "status" : "undefined",
    "systemAttributes" : {
      "dataMiningVersion" : "8.4",
      "prefix" : "data"
    }
  },
  "applicationId" : "datamining",
  "classification" : "data",
  "providerId" : "SAS",
  "group" : "data",
  "hidden" : true
}