{
  "creationTimeStamp" : "2019-05-20T20:29:04.378Z",
  "modifiedTimeStamp" : "2019-10-30T05:20:03.364Z",
  "createdBy" : "sas.dataMining",
  "modifiedBy" : "sas.dataMining",
  "id" : "dm.ensemble.template",
  "links" : [ {
    "method" : "GET",
    "rel" : "up",
    "href" : "/analyticsGateway/componentTemplates",
    "uri" : "/analyticsGateway/componentTemplates",
    "type" : "application/vnd.sas.collection"
  }, {
    "method" : "GET",
    "rel" : "exportComponentTemplate",
    "href" : "/analyticsGateway/componentTemplates/dm.ensemble.template",
    "uri" : "/analyticsGateway/componentTemplates/dm.ensemble.template",
    "type" : "application/octet-stream"
  }, {
    "method" : "GET",
    "rel" : "self",
    "href" : "/analyticsGateway/componentTemplates/dm.ensemble.template",
    "uri" : "/analyticsGateway/componentTemplates/dm.ensemble.template",
    "type" : "application/vnd.sas.analytics.component.template"
  }, {
    "method" : "GET",
    "rel" : "transferExport",
    "href" : "/analyticsGateway/componentTemplates/dm.ensemble.template",
    "uri" : "/analyticsGateway/componentTemplates/dm.ensemble.template",
    "type" : "application/vnd.sas.transfer.object"
  }, {
    "method" : "GET",
    "rel" : "localizationContext",
    "href" : "/analyticsLocalization/contexts/dm.service.nls",
    "uri" : "/analyticsLocalization/contexts/dm.service.nls",
    "type" : "application/vnd.sas.analytics.localization.context"
  } ],
  "name" : "Ensemble",
  "description" : "Creates a new model by taking a function of posterior probabilities (for class targets) or the predicted values (for interval targets) from multiple models.",
  "revision" : 22,
  "version" : 1,
  "prototype" : {
    "creationTimeStamp" : "2019-05-20T20:29:04.373Z",
    "modifiedTimeStamp" : "2019-10-30T05:20:03.372Z",
    "createdBy" : "sas.dataMining",
    "modifiedBy" : "sas.dataMining",
    "id" : "9b7833a2-5b48-49f1-ac9a-b55fdf382d73",
    "name" : "Ensemble",
    "description" : "Creates a new model by taking a function of posterior probabilities (for class targets) or the predicted values (for interval targets) from multiple models.",
    "revision" : 43,
    "iconCode" : "",
    "imageUri" : "/dataMining/images/ensemble.svg",
    "executionProviderId" : "Compute",
    "classification" : "ensemble",
    "group" : "post_model",
    "status" : "undefined",
    "componentProperties" : {
      "predictedFunction" : "AVERAGE",
      "posteriorFunction" : "AVERAGE",
      "geometricConstant" : 1,
      "votingFunction" : "AVERAGE",
      "accumulatedCode" : true,
      "userProbCutoff" : false,
      "binaryProbCutoff" : 0.5,
      "performVI" : false,
      "pdPlots" : false,
      "pdNumImportantInputs" : 5,
      "pdObsSamples" : 500,
      "icePlots" : false,
      "performLime" : false,
      "limeNSamples" : 10000,
      "limeNIterations" : 1,
      "limeDistanceMetric" : "cosine",
      "limeKernelWidth" : 0,
      "typeExplain" : "CLUSTER",
      "limeNCentroids" : 2,
      "limeClusterScoreCode" : false,
      "limeKTopFeatures" : 5
    },
    "systemAttributes" : {
      "casSessionId" : "",
      "userDefined" : false,
      "modeling" : true,
      "trainOnly" : false,
      "prefix" : "ensemble",
      "version" : "1",
      "component" : "ensemble",
      "codeFile" : "ensemble.sas",
      "codeFormat" : "FILE",
      "codeLanguage" : "SAS",
      "_omitJsonListing" : true,
      "_omitTextListing" : true,
      "_omitSessionResults" : true,
      "inputs" : "immediatePredecessors(@currentNode)",
      "dataMiningVersion" : "8.4"
    },
    "componentPropertyMetadata" : {
      "performVI" : {
        "omitFromModified" : true
      },
      "pdPlots" : {
        "omitFromModified" : true
      },
      "pdNumImportantInputs" : {
        "omitFromModified" : true
      },
      "pdObsSamples" : {
        "omitFromModified" : true
      },
      "icePlots" : {
        "omitFromModified" : true
      },
      "performLime" : {
        "omitFromModified" : true
      },
      "limeNSamples" : {
        "omitFromModified" : true
      },
      "limeNIterations" : {
        "omitFromModified" : true
      },
      "limeDistanceMetric" : {
        "omitFromModified" : true
      },
      "limeKernelWidth" : {
        "omitFromModified" : true
      },
      "typeExplain" : {
        "omitFromModified" : true
      },
      "indvRow" : {
        "omitFromModified" : true
      },
      "limeNCentroids" : {
        "omitFromModified" : true
      },
      "limeClusterScoreCode" : {
        "omitFromModified" : true
      },
      "limeKTopFeatures" : {
        "omitFromModified" : true
      }
    }
  },
  "applicationId" : "datamining",
  "classification" : "ensemble",
  "providerId" : "SAS",
  "group" : "post_model",
  "hidden" : false
}